id,name,released,metacritic,rating,ratings_count,reviews_count,playtime_hours,genres,platforms,esrb_rating,background_image,slug
25097,The Legend of Zelda: Ocarina of Time,1998-11-21,99,4.38,873,882,7,"Action, Adventure, RPG","Nintendo Switch, Nintendo 64",Everyone,https://media.rawg.io/media/games/3a0/3a0c8e9ed3a711c542218831b893a0fa.jpg,the-legend-of-zelda-ocarina-of-time
407559,Soulcalibur (1998),1998-07-30,98,0.0,0,0,0,Fighting,"Dreamcast, Xbox 360",Teen,,soulcalibur-1998
54751,Soulcalibur,1998-07-30,98,4.38,85,86,6,"Action, Fighting","Xbox One, iOS, Xbox 360, Android, Dreamcast",,https://media.rawg.io/media/games/743/7430f1846ba6ce836f169d936c89819e.jpg,soulcalibur
324997,Baldur's Gate III,2023-08-03,97,4.44,1007,1041,20,"Adventure, RPG, Strategy","macOS, PC, Xbox Series S/X, PlayStation 5",Mature,https://media.rawg.io/media/games/699/69907ecf13f172e9e144069769c3be73.jpg,baldurs-gate-3
56123,Metroid Prime,2002-11-17,97,4.35,258,265,2,"Action, Shooter, Adventure","Wii, GameCube",,https://media.rawg.io/media/games/c86/c86bc047ba949959a90fe24209d59439.jpg,metroid-prime
28495,Perfect Dark,2000-05-22,97,3.98,176,177,10,"Action, Shooter","Xbox 360, Nintendo 64",Mature,https://media.rawg.io/media/games/f62/f62d090119e5ff05c59036480123fd83.jpg,perfect-dark
28026,Super Mario Odyssey,2017-10-27,97,4.42,1921,1955,0,"Arcade, Platformer",Nintendo Switch,Everyone 10+,https://media.rawg.io/media/games/267/267bd0dbc496f52692487d07d014c061.jpg,super-mario-odyssey
27036,Super Mario Galaxy 2,2010-05-23,97,4.34,421,430,18,Platformer,"Nintendo Switch, Wii, Wii U",Everyone,https://media.rawg.io/media/games/578/578ff52303d0e2563e28a4149f1485c2.jpeg,super-mario-galaxy-2
27024,Super Mario Galaxy,2007-11-01,97,4.35,777,787,28,Platformer,"Nintendo Switch, Wii",Everyone,https://media.rawg.io/media/games/936/936f0ffac0b3c9f5c8d185f610ed2631.jpg,super-mario-galaxy
22511,The Legend of Zelda: Breath of the Wild,2017-03-03,97,4.47,3180,3245,121,"Action, Adventure, RPG","Nintendo Switch, Wii U",Everyone 10+,https://media.rawg.io/media/games/cc1/cc196a5ad763955d6532cdba236f730c.jpg,the-legend-of-zelda-breath-of-the-wild
401808,Half-Life 2: Update,2015-03-27,96,4.13,126,127,1,Shooter,PC,Mature,https://media.rawg.io/media/screenshots/bb7/bb7463d103dc40f6f3a3c9ac3b4b11a5.jpg,half-life-2-update
327239,The Legend of Zelda: Tears of the Kingdom,2023-05-12,96,4.38,481,495,0,"Action, Adventure",Nintendo Switch,Everyone 10+,https://media.rawg.io/media/games/556/55684bfd048706f4266d331d70050b37.jpg,the-legend-of-zelda-breath-of-the-wild-sequel
57842,Tekken 3,1997-03-20,96,4.37,560,561,1,Fighting,PlayStation,,https://media.rawg.io/media/games/4aa/4aa1440932f4a12d9d0ea70a5e2164f6.jpg,tekken-3
54403,GoldenEye 007 (1997),1997-08-23,96,4.37,197,201,0,Shooter,Nintendo 64,,https://media.rawg.io/media/games/5a1/5a145fe3002fc988140f7f00edcb9715.jpg,goldeneye-007-1997
52995,Gran Turismo,1997-12-22,96,4.33,108,109,0,Racing,PlayStation,,https://media.rawg.io/media/games/5ac/5ac568dcf73aedba140bcca2a8a5eb09.jpg,gran-turismo
52370,Metal Gear Solid 2: Sons of Liberty,2001-11-12,96,4.34,559,566,12,"Action, Shooter","PlayStation 2, PlayStation 3, PS Vita, Xbox 360, Xbox",Mature,https://media.rawg.io/media/games/0f1/0f105a3d3ba6225269c4a08b43ecbb73.jpg,metal-gear-solid-2-sons-of-liberty
22513,Uncharted 2: Among Thieves,2009-10-13,96,4.38,1799,1819,13,"Action, Shooter","PlayStation 4, PlayStation 3",Teen,https://media.rawg.io/media/games/74b/74b239f6ef0216a2f66e652d54abb2e6.jpg,uncharted-2-among-thieves
18080,Half-Life,1998-11-19,96,4.38,2438,2462,3,"Action, Shooter","Linux, macOS, PC, Dreamcast, PlayStation 2",Mature,https://media.rawg.io/media/games/6c5/6c55e22185876626881b76c11922b073.jpg,half-life
13537,Half-Life 2,2004-11-16,96,4.48,4092,4120,7,"Action, Shooter","PC, macOS, Xbox 360, Linux, Xbox, Android",Mature,https://media.rawg.io/media/games/b8c/b8c243eaa0fbac8115e0cdccac3f91dc.jpg,half-life-2
4286,BioShock,2007-08-21,96,4.36,3359,3403,3,"Action, Shooter","PlayStation 3, macOS, PC, Xbox 360",Mature,https://media.rawg.io/media/games/bc0/bc06a29ceac58652b684deefe7d56099.jpg,bioshock
28,Red Dead Redemption 2,2018-10-26,96,4.59,5467,5599,21,Action,"PC, PlayStation 4, Xbox One",Mature,https://media.rawg.io/media/games/511/5118aff5091cb3efec399c808f8c598f.jpg,red-dead-redemption-2
378578,Grand Theft Auto IV: Complete Edition,2010-10-27,95,4.57,100,101,0,"Action, Adventure","PC, PlayStation 3, Xbox 360",Adults Only,https://media.rawg.io/media/screenshots/e59/e59cc96f38cc93af5a396173878018d7.jpg,grand-theft-auto-iv-complete-edition
364800,The Legend of Zelda: Collector's Edition,2003-11-07,95,4.27,11,11,0,"Action, Adventure, RPG",GameCube,Everyone,https://media.rawg.io/media/screenshots/253/253167e239ab310805c10d41e9fecbbe.jpg,the-legend-of-zelda-collectors-edition
326243,Elden Ring,2022-02-25,95,4.39,1447,1491,62,"Action, RPG","PC, Xbox One, PlayStation 4, Xbox Series S/X, PlayStation 5",Mature,https://media.rawg.io/media/games/b29/b294fdd866dcdb643e7bab370a552855.jpg,elden-ring
45958,XCOM 2: War of the Chosen,2017-08-29,95,4.4,232,236,0,Strategy,"PlayStation 4, Linux, macOS, PC, Xbox One",Teen,https://media.rawg.io/media/games/824/8244534a6db2180e177271cebb9c002f.jpg,xcom-2-war-of-the-chosen
30799,Baldur's Gate II: Shadows of Amn,2000-09-21,95,4.28,153,156,1,"RPG, Strategy","Android, PC, macOS",Teen,https://media.rawg.io/media/games/c16/c160077f8977cb22f14e56408c1560ef.jpg,baldurs-gate-ii-shadows-of-amn
25924,The Legend of Zelda: Majora's Mask,2000-04-27,95,4.33,419,424,23,"Action, Adventure","Nintendo Switch, Nintendo 64",Everyone 10+,https://media.rawg.io/media/games/b3c/b3c209cd49aae8a469a59b79b54dc599.jpg,the-legend-of-zelda-majoras-mask
25096,The Legend of Zelda: A Link to the Past,1991-11-21,95,4.35,579,586,28,"Action, Adventure","Wii, Game Boy Advance, SNES, Nintendo Switch, Nintendo 3DS, Wii U",Everyone,https://media.rawg.io/media/games/087/08727beb32c364d30e8b2a1aa8595f8e.jpg,the-legend-of-zelda-a-link-to-the-past
10073,Divinity: Original Sin 2,2017-09-14,95,4.38,1666,1690,22,"RPG, Strategy","PlayStation 4, Nintendo Switch, PC, Xbox One",Mature,https://media.rawg.io/media/games/424/424facd40f4eb1f2794fe4b4bb28a277.jpg,divinity-original-sin-2
4544,Red Dead Redemption,2010-05-18,95,4.42,2199,2220,6,"Action, Shooter","PlayStation 4, PC, Xbox Series S/X, PlayStation 5, Nintendo Switch, Xbox One, Xbox 360, PlayStation 3",Mature,https://media.rawg.io/media/games/686/686909717c3aa01518bc42ae2bf4259e.jpg,red-dead-redemption
4459,Grand Theft Auto IV,2008-04-29,95,4.26,3100,3135,10,"Action, Adventure","Xbox 360, PC, PlayStation 3, Xbox One",Mature,https://media.rawg.io/media/games/4a0/4a0a1316102366260e6f38fd2a9cfdce.jpg,grand-theft-auto-iv
4200,Portal 2,2011-04-18,95,4.58,6082,6139,11,"Shooter, Puzzle","PlayStation 3, PC, Xbox 360, Linux, macOS, Xbox One",Everyone 10+,https://media.rawg.io/media/games/2ba/2bac0e87cf45e5b508f227d281c9252a.jpg,portal-2
3990,The Last Of Us,2013-06-14,95,4.54,3346,3387,15,"Action, Adventure","PlayStation 3, PlayStation 4",Mature,https://media.rawg.io/media/games/a5a/a5a7fb8d9cb8063a8b42ee002b410db6.jpg,the-last-of-us
3636,The Last Of Us Remastered,2014-07-29,95,4.69,2853,2883,16,"Action, Adventure",PlayStation 4,Mature,https://media.rawg.io/media/games/364/3642d850efb217c58feab80b8affaa89.jpg,the-last-of-us-remastered
3179,LittleBigPlanet,2008-10-27,95,4.09,553,555,5,"Action, Arcade",PlayStation 3,Everyone 10+,https://media.rawg.io/media/games/c32/c32fd6c512c48b3e2f10686a6e06690d.jpg,littlebigplanet
494369,Metal Gear Solid 3: Subsistence,2005-12-22,94,4.34,44,44,0,Shooter,"PlayStation 3, PS Vita, PlayStation 2",Mature,https://media.rawg.io/media/games/3a1/3a1c43732e91c188a0079c9511e1e625.jpg,metal-gear-solid-3-subsistence
339958,Persona 5 Royal,2020-03-31,94,4.75,527,540,12,"Adventure, RPG","Xbox Series S/X, PC, PlayStation 5, Nintendo Switch, Xbox One, PlayStation 4",Mature,https://media.rawg.io/media/games/a9c/a9c789951de65da545d51f664b4f2ce0.jpg,persona-5-royal
59199,Divinity: Original Sin 2 - Definitive Edition,2018-08-31,94,4.51,591,599,10,RPG,"PlayStation 4, Nintendo Switch, macOS, PC, iOS, Xbox One",Mature,https://media.rawg.io/media/games/cd2/cd2a1a360839002bceadc5a8b3c7dbf7.jpg,divinity-original-sin-ii-definitive-edition
58175,God of War (2018),2018-04-20,94,4.54,5139,5248,15,Action,"PC, PlayStation 4",Mature,https://media.rawg.io/media/games/4be/4be6a6ad0364751a96229c56bf69be59.jpg,god-of-war-2
57607,Metal Gear Solid,1998-09-03,94,4.4,1153,1166,1,Action,"PC, Game Boy Color, PlayStation, PlayStation 3",Mature,https://media.rawg.io/media/games/bbc/bbce6f1659d35ffc16aed8b66e9990a1.jpg,metal-gear-solid-1
54528,Super Mario 64,1996-06-23,94,4.39,757,767,12,Platformer,Nintendo 64,Everyone,https://media.rawg.io/media/games/1d5/1d565b99cad46c44b534d9803e27bd49.jpg,super-mario-64-1996
54491,Quake,1996-06-22,94,4.25,486,491,1,"Action, Shooter","Xbox One, macOS, Linux, Classic Macintosh, Xbox, Nintendo Switch, PlayStation 4, Nintendo 64, SEGA Saturn, Commodore / Amiga, PC, Xbox Series S/X, PlayStation 5",,https://media.rawg.io/media/games/3a8/3a82d7f5c90ab082fe475e28d58bee8b.jpg,quake
53341,Jet Set Radio,2000-06-29,94,3.41,508,512,1,"Action, Sports, Platformer","iOS, Xbox 360, Android, Game Boy Advance, Dreamcast, PlayStation 3, PS Vita, PC",Teen,https://media.rawg.io/media/games/fd7/fd794a9f0ffe816038d981b3acc3eec9.jpg,jet-set-radio-2012
52815,Command & Conquer,1995-08-31,94,4.31,138,138,0,Strategy,"PC, PlayStation, Classic Macintosh, SEGA Saturn",,https://media.rawg.io/media/games/c62/c62e21b805e3f4c13e99702d2eca6a65.jpg,command-conquer-old
52799,Chrono Cross,1999-11-18,94,4.39,147,149,42,RPG,PlayStation,Teen,https://media.rawg.io/media/games/2ad/2ad33347237cdc941ba5312787dbe3f8.jpg,chrono-cross-2011
42180,The Elder Scrolls V: Skyrim Legendary Edition,2013-06-04,94,4.59,138,139,0,"Adventure, RPG","PC, PlayStation 3, Xbox 360",Mature,https://media.rawg.io/media/games/6db/6db2d022f77b1c99116bbf6750ec2c7d.jpg,the-elder-scrolls-v-skyrim-legendary-edition
40841,Resident Evil Code: Veronica,2000-02-03,94,4.21,118,120,0,"Action, Adventure","Xbox 360, PlayStation 3, PlayStation 4, GameCube, PlayStation 2, Dreamcast",Mature,https://media.rawg.io/media/games/0a5/0a512dd1d273d1a7aba705944264ac44.jpg,resident-evil-code-veronica
32577,Tony Hawk's Pro Skater 3,2001-10-28,94,4.32,150,152,5,"Sports, Arcade","PC, Game Boy Advance, PlayStation, Game Boy Color, Classic Macintosh, Xbox, Nintendo 64, GameCube, PlayStation 2",,https://media.rawg.io/media/screenshots/a2b/a2baa14bf592e3973650faacbf60fe74.jpg,tony-hawks-pro-skater-3
32060,Sid Meier's Civilization 2,1996-02-29,94,4.21,47,47,0,Strategy,PC,Everyone,https://media.rawg.io/media/screenshots/1d0/1d05c811684f86d9b382814109385073.jpg,sid-meiers-civilization-2
29593,Diablo,1996-12-31,94,4.39,536,541,1,"Action, RPG","PC, macOS, PlayStation",,https://media.rawg.io/media/games/923/923a5dd13b6e79dd23ab2d09934f0e8d.jpg,diablo
29413,Grim Fandango,1998-10-14,94,4.36,145,145,1,Adventure,PC,,https://media.rawg.io/media/screenshots/a07/a07491535ca7c6e175c9c22299c786d6.jpg,grim-fandango
29179,God of War I,2005-03-22,94,4.36,718,733,11,Action,"PS Vita, PlayStation 2, PlayStation 3",Mature,https://media.rawg.io/media/games/1aa/1aa4ca34a8a6bb57a2e065c8332dc230.jpg,god-of-war
28623,Batman: Arkham City,2011-10-18,94,4.41,2168,2192,20,Action,"PC, PlayStation 3, Nintendo Switch, macOS, PlayStation 4, Xbox One, Xbox 360",Teen,https://media.rawg.io/media/games/b5a/b5a1226bfd971284a735a4a0969086b3.jpg,batman-arkham-city-2
28581,The Orange Box,2008-01-01,94,4.54,328,328,6,Shooter,"Linux, macOS, Xbox 360, PC, PlayStation 3",Teen,https://media.rawg.io/media/games/55a/55a685051caa3d478836fa7c1d074694.jpg,the-orange-box
28224,Burnout 3: Takedown,2004-09-07,94,4.4,159,161,23,"Racing, Arcade","Xbox, PlayStation 2, Xbox 360",Teen,https://media.rawg.io/media/games/364/3642f0c38a105c8750c4b48097effc15.jpg,burnout-3-takedown
27969,The Legend of Zelda: Ocarina of Time 3D,2011-06-19,94,4.55,360,368,13,"Adventure, RPG, Puzzle",Nintendo 3DS,Everyone 10+,https://media.rawg.io/media/games/c91/c916af1fa182bc2d674b4d9270bb7713.jpg,the-legend-of-zelda-ocarina-of-time-3d
27714,Super Mario Advance 4: Super Mario Bros. 3,2003-07-11,94,3.94,16,17,0,Platformer,Game Boy Advance,Everyone,https://media.rawg.io/media/screenshots/3a6/3a674b1817d889fb917d5f3ea70e7f38.jpg,super-mario-advance-4-super-mario-bros-3
16359,Divinity: Original Sin - Enhanced Edition,2015-10-27,94,4.25,1027,1039,8,"RPG, Indie","PC, Linux, macOS, PlayStation 4, Xbox One",Mature,https://media.rawg.io/media/games/33b/33b825c76382931df0fd8ecddf5caebe.jpg,divinity-original-sin-enhanced-edition
15642,The Elder Scrolls IV: Oblivion Game of the Year Edition,2009-06-16,94,4.32,680,681,5,RPG,"PC, Xbox 360, PlayStation 3",Mature,https://media.rawg.io/media/games/886/8868f9ea0c91d45316319ebf5dd4fc64.jpg,the-elder-scrolls-iv-oblivion-game-of-the-year-edi
13780,Sid Meier's Civilization IV,2005-10-25,94,4.11,375,375,1,Strategy,"PC, macOS",Everyone 10+,https://media.rawg.io/media/screenshots/85c/85c91c5064d2cdd56a949c8008868318.jpg,sid-meiers-civilization-iv
5679,The Elder Scrolls V: Skyrim,2011-11-11,94,4.42,4907,4964,46,"Action, RPG","PlayStation 5, PlayStation 4, PC, Xbox One, Xbox Series S/X, Nintendo Switch, Xbox 360, PlayStation 3",Mature,https://media.rawg.io/media/games/7cf/7cfc9220b401b7a300e409e539c9afd5.jpg,the-elder-scrolls-v-skyrim
5678,The Elder Scrolls IV: Oblivion,2006-03-20,94,4.34,959,966,4,"Adventure, RPG, Indie","PC, Xbox 360, PlayStation 3, Xbox One",Mature,https://media.rawg.io/media/games/615/61503312a95d451198d80d9bae275f79.jpg,the-elder-scrolls-iv-oblivion
4835,N.O.V.A.,2009-12-17,94,4.33,12,12,0,"Action, Shooter","Android, PlayStation 3, iOS, PSP",Teen,https://media.rawg.io/media/screenshots/a00/a009c9b997470dd1d5cb74127107af21.jpg,nova
4806,Mass Effect 2,2010-01-26,94,4.46,3081,3104,22,"Action, RPG","PC, Xbox One, PlayStation 3, Xbox 360",Mature,https://media.rawg.io/media/games/3cf/3cff89996570cf29a10eb9cd967dcf73.jpg,mass-effect-2
4062,BioShock Infinite,2013-03-26,94,4.38,4168,4211,12,"Action, Shooter","PlayStation 4, Xbox 360, Nintendo Switch, Linux, PC, PlayStation 3, Xbox One",Mature,https://media.rawg.io/media/games/fc1/fc1307a2774506b5bd65d7e8424664a7.jpg,bioshock-infinite
3469,Metal Gear Solid 4: Guns of the Patriots,2008-06-12,94,4.38,664,669,20,"Action, Shooter",PlayStation 3,Mature,https://media.rawg.io/media/games/b27/b27eea9f8df280799b357b320f01211c.jpg,metal-gear-solid-4-guns-of-the-patriots
430,Grand Theft Auto: Vice City,2002-10-27,94,4.45,3094,3112,2,Action,"Android, macOS, PC, iOS, PlayStation 4, PS Vita, PlayStation 2, Xbox",Mature,https://media.rawg.io/media/games/13a/13a528ac9cf48bbb6be5d35fe029336d.jpg,grand-theft-auto-vice-city
392019,Half-Life: Alyx,2020-03-23,93,4.36,505,514,5,"Action, Shooter, Adventure",PC,Mature,https://media.rawg.io/media/games/855/8552c056d729f34c951c30f3cfef9da8.jpg,half-life-alyx
387230,Pro Evolution Soccer 2,2002-04-25,93,4.23,13,13,0,"Simulation, Sports","PlayStation, PlayStation 2",Everyone,https://media.rawg.io/media/games/00d/00d913a770fae29129906d810e77a4c6.jpg,pro-evolution-soccer-2
359109,SSX (2000),2000-10-26,93,0.0,5,5,0,Action,PlayStation 2,Everyone,https://media.rawg.io/media/games/d7d/d7d2bd7e2ed9207a2cc823c58089688f.jpg,ssx-2000
274755,Hades,2020-09-17,93,4.42,2079,2121,10,"Action, Adventure, RPG, Indie","PlayStation 5, Xbox Series S/X, PlayStation 4, Nintendo Switch, PC, Xbox One",Teen,https://media.rawg.io/media/games/1f4/1f47a270b8f241e4676b14d39ec620f7.jpg,hades-2018
58829,Super Smash Bros. Ultimate,2018-12-07,93,4.37,1082,1106,0,Fighting,Nintendo Switch,,https://media.rawg.io/media/games/9f3/9f3c513b301d8d7250a64dd7e73c62df.jpg,super-smash-bros-ultimate
58209,Dwarf Fortress,2006-08-08,93,4.33,94,95,3,"RPG, Strategy, Simulation, Indie","Linux, PC, macOS",,https://media.rawg.io/media/screenshots/b20/b20a30ae9d910d948a24ca234eb4553d.jpg,dwarf-fortress
54744,Skies of Arcadia,2000-10-05,93,4.22,49,50,0,RPG,"GameCube, Dreamcast",Teen,https://media.rawg.io/media/games/673/6737ad0c3c7f70c07c871c6002e6aef8.jpg,skies-of-arcadia
53562,SSX 3,2003-10-21,93,4.39,41,41,0,"Sports, Racing","Xbox, PlayStation 2, Xbox One, Xbox 360, GameCube",Everyone,https://media.rawg.io/media/games/e4f/e4fab00d5198c9727b1d6c694c5bed2b.jpg,ssx-3
53392,Mario Kart: Super Circuit (2001),2001-07-21,93,3.8,63,64,1,Racing,Game Boy Advance,Everyone,https://media.rawg.io/media/games/243/243ffd01d85cf3db7da6bdeea8f17459.jpg,mario-kart-super-circuit
52996,Gran Turismo 2,1999-12-11,93,4.4,114,115,0,Racing,"PlayStation, Dreamcast",Everyone,https://media.rawg.io/media/games/64d/64d9b8d00ea0da293f584077ad432aa9.jpg,gran-turismo-2
52790,Castlevania: Symphony of the Night,1997-03-20,93,4.35,564,572,19,"Action, Adventure","SEGA Saturn, PlayStation, Android, Xbox 360, iOS",,https://media.rawg.io/media/games/45d/45da4dc311d84b79230317d7b24a3dec.jpg,castlevania-sotn
51325,The Last of Us Part II,2020-06-19,93,4.42,1989,2084,0,"Action, Shooter, Adventure","PlayStation 4, PlayStation 5",Mature,https://media.rawg.io/media/games/909/909974d1c7863c2027241e265fe7011f.jpg,the-last-of-us-part-2
39707,God of War II,2007-03-13,93,4.4,962,979,17,Action,"PlayStation 2, PS Vita, PlayStation 3",Mature,https://media.rawg.io/media/games/615/615e9fc0a325e0d87b84dad029b8b7b9.jpg,god-of-war-ii
38067,StarCraft II: Wings of Liberty,2010-07-27,93,4.56,281,282,13,Strategy,"PC, macOS",Teen,https://media.rawg.io/media/games/5f7/5f7191716faebcf102a357c5c2889394.jpg,starcraft-ii-wings-of-liberty
35374,Unreal Tournament 2004,2004-03-16,93,4.33,160,160,3,"Action, Shooter","macOS, Linux, PC",Mature,https://media.rawg.io/media/games/59c/59ccb40e955d56d3d4d0656dd93b132c.jpg,unreal-tournament-2004
30813,Maniac Mansion: Day of the Tentacle,1993-06-25,93,4.32,81,81,6,"Adventure, Puzzle","PC, macOS",Everyone,https://media.rawg.io/media/screenshots/f6b/f6b30c8c391dfe473a4f8cd58358f91d.jpg,maniac-mansion-day-of-the-tentacle
29742,Homeworld,1999-09-01,93,4.33,61,63,0,Strategy,PC,,https://media.rawg.io/media/screenshots/ff8/ff8088234acae0fb0d01c82a6089c0c9.jpg,homeworld
28619,Gears of War 2,2008-11-07,93,4.28,716,721,22,Shooter,"Xbox 360, Xbox One",Mature,https://media.rawg.io/media/games/51b/51ba5f9b280c6fec71c293fe276e24ec.jpg,gears-of-war-2
27974,Super Mario 3D World,2013-11-21,93,4.37,237,244,58,"Action, Platformer","Nintendo Switch, Wii U",Everyone,https://media.rawg.io/media/games/cb7/cb78e5b2ada0e38cafb14cd00cfafbd7.jpg,super-mario-3d-world
26824,The Legend of Zelda: Skyward Sword,2011-11-20,93,4.15,285,294,33,Adventure,"Wii U, Wii, Nintendo Switch",Everyone 10+,https://media.rawg.io/media/games/884/884d12f527a9a12b5e486ee1b79ecf7f.jpeg,the-legend-of-zelda-skyward-sword
25449,Okami,2006-04-20,93,4.39,134,139,1,"Action, Adventure","Wii, PlayStation 2, PC",Teen,https://media.rawg.io/media/games/922/92244532ff3c3f277824c0cf8941f187.jpg,okami
25414,Super Smash Bros. Brawl,2008-03-09,93,4.31,312,318,24,"Action, Casual, Fighting",Wii,Teen,https://media.rawg.io/media/games/a00/a00c19dae42d87ca31d903d26761d335.jpg,super-smash-bros-brawl
25178,Paper Mario (2000),2000-08-11,93,4.39,153,155,5,RPG,Nintendo 64,Everyone,https://media.rawg.io/media/screenshots/062/0622bec29ae3ef0e8762a9c9f3e7b0f4.jpg,paper-mario
23599,World of Warcraft,2004-11-23,93,4.31,685,692,129,"RPG, Massively Multiplayer","PC, macOS",Teen,https://media.rawg.io/media/games/0d9/0d930ea604ee240c5af30c58f73ddf48.jpg,world-of-warcraft
22510,StarCraft II,2010-07-27,93,4.38,811,816,0,Strategy,"PC, macOS",Teen,https://media.rawg.io/media/games/960/9605c08bf8535c00adbb0a3896f0c484.jpg,starcraft-2
19625,Unreal Tournament 2004: Editor's Choice Edition,2004-03-17,93,4.29,165,165,3,Action,"macOS, Linux, PC",Mature,https://media.rawg.io/media/games/c02/c027f7cf3d558f9072b2c27a3955f256.jpg,unreal-tournament-2004-editors-choice-edition
18183,Company of Heroes,2006-09-11,93,3.68,564,570,7,Strategy,"PC, iOS",,https://media.rawg.io/media/games/0fa/0fadc446fd1e9ae9e23a32793d9a5406.jpg,company-of-heroes
2462,Uncharted 4: A Thief’s End,2016-05-10,93,4.48,3728,3766,0,"Action, Shooter","PlayStation 5, PlayStation 4",Teen,https://media.rawg.io/media/games/709/709bf81f874ce5d25d625b37b014cb63.jpg,uncharted-4-a-thiefs-end
949,Cut the Rope,2010-10-04,93,3.78,199,200,1,"Arcade, Casual, Indie, Puzzle","Android, Nintendo DS, Nintendo 3DS, Nintendo DSi, iOS, PC",,https://media.rawg.io/media/games/242/242011264968168c61e4efc71059f2ed.jpg,cut-the-rope
432,Grand Theft Auto III,2001-10-22,93,4.15,1642,1659,1,"Action, Shooter","macOS, PC, iOS, Android, PlayStation 4, PlayStation 2, Xbox",Mature,https://media.rawg.io/media/games/5fa/5fae5fec3c943179e09da67a4427d68f.jpg,grand-theft-auto-iii
416,Grand Theft Auto: San Andreas,2004-10-26,93,4.5,4049,4078,2,Action,"macOS, PC, iOS, Xbox, Android, PlayStation 4, PlayStation 3, PlayStation 2, Xbox 360, Xbox One",Mature,https://media.rawg.io/media/games/960/960b601d9541cec776c5fa42a00bf6c4.jpg,grand-theft-auto-san-andreas
49,Persona 5,2016-09-15,93,4.34,1440,1463,105,"Action, Adventure, RPG","PlayStation 3, PlayStation 4",Mature,https://media.rawg.io/media/games/3ea/3ea0e57ede873970c0f1130e30d88749.jpg,persona-5
452648,Demon's Souls (2020),2020-11-12,92,4.43,222,235,0,"Action, RPG",PlayStation 5,Mature,https://media.rawg.io/media/games/cc4/cc4a56d9e4c2a230293e335000469453.jpg,demons-souls-remake
425200,A Monster's Expedition,2020-09-10,92,3.93,27,27,2,"Adventure, Strategy, Casual, Indie, Puzzle","PC, macOS",,https://media.rawg.io/media/screenshots/731/7315a49d2039ded23bd10047880970ec.jpg,a-monsters-expedition
400295,Soul Calibur II,2002-07-05,92,4.23,71,71,0,Fighting,"Xbox, GameCube, PlayStation 2",Teen,https://media.rawg.io/media/screenshots/570/570a6ed91febd5f3ffc889368e13a46e.jpg,soulcalibur-ii
328001,Soul Caliber 2,2002-07-05,92,0.0,3,3,0,Fighting,"Xbox, PlayStation 2, GameCube, PlayStation 3, Xbox 360",Teen,,soul-caliber-2
316819,Forza Motorsport (2005),2005-05-03,92,3.71,16,17,27,"Racing, Casual","PC, Xbox",,https://media.rawg.io/media/games/ae9/ae9e6138ec47798de07b158a36dadd19.jpeg,forza-motorsport
301511,Final Fantasy XII,2006-03-16,92,4.21,130,131,0,RPG,PlayStation 2,Teen,https://media.rawg.io/media/games/6f9/6f932bffab5e38f540e10bb026621b08.jpg,final-fantasy-xii
257255,The Witcher 3 Wild Hunt - Complete Edition,2016-08-30,92,4.8,796,815,0,"Adventure, RPG","Xbox One, Xbox Series S/X, PC, Nintendo Switch, PlayStation 4, PlayStation 5",Mature,https://media.rawg.io/media/games/52b/52be96c19be0d79eeb8664e4ca2aabd5.jpg,the-witcher-3-game-of-the-year
57954,Vagrant Story (2000),2000-02-10,92,4.3,63,64,0,"Action, Adventure, RPG",PlayStation,Teen,https://media.rawg.io/media/games/cdc/cdc039b06d3adddbf0499f72d6e59169.jpg,vagrant-story
57944,Tony Hawk's Pro Skater,1999-08-31,92,4.37,129,131,0,Sports,"PlayStation, Game Boy Color, Nintendo 64, Dreamcast",Teen,https://media.rawg.io/media/screenshots/fd2/fd22fcd8470c96a6cf30051c3d249a6b.jpg,tony-hawks-pro-skater
57669,PaRappa the Rapper,1996-12-06,92,4.21,39,39,0,"Action, Arcade","PlayStation, PSP",Everyone,https://media.rawg.io/media/games/985/9852f17322124be2aa0be1307b1b75a1.jpg,parappa-the-rapper
56222,Super Smash Bros. Melee,2001-11-21,92,4.36,374,377,0,"Action, Fighting",GameCube,Everyone 10+,https://media.rawg.io/media/games/b78/b780abf866cba1422d01bfa75612dd29.jpg,super-smash-bros-melee-2001
56124,Metroid Prime 2: Echoes,2004-11-15,92,4.41,86,88,0,"Action, Adventure","Wii, GameCube",,https://media.rawg.io/media/games/852/85222e407cba4c699ae7e6f4742b8b1a.jpg,metroid-prime-2-echoes
56041,Eternal Darkness: Sanity's Requiem,2002-06-23,92,4.34,44,44,0,"Action, Adventure",GameCube,Mature,https://media.rawg.io/media/screenshots/e21/e215d37a773be35ddda535490ccce1c0.jpg,eternal-darkness
54556,Wave Race 64: Kawasaki Jet Ski,1996-09-27,92,4.08,38,38,0,Racing,Nintendo 64,Everyone,https://media.rawg.io/media/games/e2b/e2bab181cb77e118dd5d11824a1c84d0.jpg,wave-race-64
54373,Conker's Bad Fur Day,2001-03-04,92,4.21,74,76,0,"Action, Platformer","Xbox One, Nintendo 64",Mature,https://media.rawg.io/media/screenshots/621/62111bd8918fb3f55898954171432dc7.jpg,conkers-bad-fur-day
54311,Medal of Honor (1999),1999-10-31,92,4.23,128,128,0,"Action, Shooter","PlayStation, PlayStation 3, PSP",Teen,https://media.rawg.io/media/games/adb/adbbb53b574aae53145f9909d050a722.jpg,medal-of-honor-1999
53563,SSX Tricky,2001-11-05,92,4.4,43,43,0,"Sports, Racing","PlayStation 2, Game Boy Advance, Xbox, GameCube",Everyone,https://media.rawg.io/media/games/166/166482ac85c7ea5babdcc1c4e06d7803.jpg,ssx-tricky
52371,Super Mario Sunshine,2002-08-25,92,4.3,300,303,0,"Action, Adventure, Platformer",GameCube,Everyone,https://media.rawg.io/media/games/0b7/0b746092287560e4ff5a6ceb5faaed8e.jpg,super-mario-sunshine
47326,OKAMI HD,2017-12-12,92,4.18,356,360,4,"Action, Adventure","PlayStation 4, PlayStation 3, PC, Xbox One, Nintendo Switch",Teen,https://media.rawg.io/media/games/a38/a3857b2445c70ac5dbe73b210a827ad8.jpg,okami-hd-da-shen-jue-jing-ban
43252,The Witcher 3: Wild Hunt – Blood and Wine,2016-05-30,92,4.81,627,637,0,RPG,"PlayStation 4, PC, Xbox One",Mature,https://media.rawg.io/media/games/b51/b51c3649322ac0de9dfbe83435eda449.jpg,the-witcher-3-wild-hunt-blood-and-wine
41128,Final Fantasy X,2001-07-19,92,4.38,398,401,0,RPG,PlayStation 2,Teen,https://media.rawg.io/media/games/ddc/ddc65c56f16bc3effb8d2645b095a8c5.jpg,final-fantasy-10
39039,God of War III,2010-03-16,92,4.4,749,758,10,Action,PlayStation 3,Mature,https://media.rawg.io/media/games/289/289951d92239d05f2a663d632aa3888a.jpg,god-of-war-iii
32595,Age of Empires II: Age of Kings,1999-09-30,92,4.39,450,453,0,Strategy,"PC, PlayStation 2",,https://media.rawg.io/media/screenshots/e90/e90a4f0b878b0206888a56c4155705c8.jpg,age-of-empires-ii-age-of-kings
32186,Unreal Tournament,1999-11-22,92,4.37,255,259,2,"Action, Shooter","Linux, PlayStation 2, Classic Macintosh, Dreamcast, PC",Mature,https://media.rawg.io/media/screenshots/dbd/dbd43988f23859529e1a8c600c6a7e24.jpg,unreal-tournament
31777,Thief: The Dark Project,1998-12-02,92,4.31,55,55,0,Action,PC,,https://media.rawg.io/media/games/86d/86d7f559c312a2082e4b1c1a184b8215.jpg,thief-the-dark-project
30445,Warcraft 3: Reign of Chaos,2002-07-03,92,4.45,1413,1422,0,Strategy,"PC, macOS",Teen,https://media.rawg.io/media/games/667/667b4447a90c4896bfd48400ae76af28.jpg,warcraft-3-reign-of-chaos
30202,Sid Meier's Gettysburg!,1997-09-30,92,0.0,2,2,0,Strategy,PC,Everyone 10+,https://media.rawg.io/media/screenshots/dd7/dd7f21a6294ae75ea211752af6987944.jpg,sid-meiers-gettysburg
29717,Sid Meier's Alpha Centauri,1999-02-12,92,4.19,31,32,1,Strategy,PC,,https://media.rawg.io/media/screenshots/106/106678630cda8df5ec76864790e07051.jpg,sid-meiers-alpha-centauri
29131,Forza Motorsport 3,2009-10-22,92,3.83,149,149,16,Racing,Xbox 360,Everyone,https://media.rawg.io/media/games/283/28305d39eacde0458b87e30a467e5d8d.jpg,forza-motorsport-3
28532,Banjo-Kazooie,1998-05-31,92,4.25,323,326,2,"Action, Adventure, Puzzle, Platformer","Nintendo 64, Xbox 360, Xbox One, Nintendo Switch",Everyone,https://media.rawg.io/media/screenshots/f0d/f0da831778e57b58636ccaf20a7cc6e6.jpg,banjo-kazooie
27968,Fire Emblem Awakening,2012-04-19,92,4.38,246,249,0,"RPG, Strategy",Nintendo 3DS,Everyone 10+,https://media.rawg.io/media/games/c43/c432339312ee5441edb081c05d2fa411.jpg,fire-emblem-awakening
27390,Metroid Fusion,2002-11-17,92,4.37,193,199,14,"Action, Platformer",Game Boy Advance,Everyone,https://media.rawg.io/media/games/43d/43dc073be8443e5f39e5d02f8d344127.jpg,metroid-fusion
24993,Age of Empires: The Age of Kings,2006-02-14,92,3.62,8,8,0,Strategy,Nintendo DS,Everyone,https://media.rawg.io/media/screenshots/fe3/fe3d13408ed6b4c32e28ff7c007034b1.jpg,age-of-empires-the-age-of-kings
24899,Super Mario World,1990-11-21,92,4.36,780,788,6,"Arcade, Platformer",SNES,Everyone,https://media.rawg.io/media/games/3bb/3bb2c8d774c3a83eb2c17d0d3d51f020.jpg,super-mario-world
23967,Super Mario World: Super Mario Advance 2,2001-12-14,92,4.12,31,32,0,"Action, Platformer",Game Boy Advance,Everyone,https://media.rawg.io/media/games/413/4135e800918b4d9c0f6094ccd003a054.jpg,super-mario-world-super-mario-advance-2
23760,Bayonetta 2,2014-09-20,92,4.36,343,353,0,Action,"Wii U, Nintendo Switch",Mature,https://media.rawg.io/media/games/3d7/3d7c8e749b18cfc898c80016594981fe.jpg,bayonetta-2
23165,Mario Kart 8 Deluxe,2017-04-27,92,4.45,904,919,0,Racing,Nintendo Switch,Everyone,https://media.rawg.io/media/games/6f8/6f846e941c78cfbabe53cd67e55ced83.jpg,mario-kart-8-deluxe
23027,The Walking Dead: Season 1,2012-04-23,92,4.36,2483,2507,8,"Action, Adventure","Android, PS Vita, macOS, PC, iOS, PlayStation 4, PlayStation 3, Xbox 360, Nintendo Switch, Xbox One",Mature,https://media.rawg.io/media/games/8d6/8d69eb6c32ed6acfd75f82d532144993.jpg,the-walking-dead
21709,Unreal Tournament: Game of the Year Edition,2000-10-25,92,4.32,222,222,1,"Action, Shooter, Massively Multiplayer",PC,Mature,https://media.rawg.io/media/games/737/7376aef37a0d0c9f6b2aae0f437e3eab.jpg,unreal-tournament-game-of-the-year-edition
20709,Tom Clancy's Splinter Cell Chaos Theory,2005-03-21,92,4.38,488,488,2,"Action, Adventure","PC, Nintendo DS, PlayStation 3, Xbox 360, Nintendo 3DS, PlayStation 2, Xbox, GameCube, Xbox One",Mature,https://media.rawg.io/media/games/83b/83b59a9d512bec8bc8bda6b539b215b2.jpg,splinter-cell-chaos-theory
16191,Galactic Civilizations II: Ultimate Edition,2011-12-02,92,2.65,218,218,1,Strategy,PC,,https://media.rawg.io/media/games/3d8/3d8e76154123ef352d8d3216da061a2d.jpg,galactic-civilizations-ii-ultimate-edition
15679,Out of the Park Baseball 17,2016-03-22,92,2.33,12,12,4,"Strategy, Simulation, Sports, Indie","PC, macOS, Linux",,https://media.rawg.io/media/games/4cf/4cf1688e353c31d67bba3f2ba52d9416.jpg,out-of-the-park-baseball-17
14929,Rome: Total War - Collection,2007-08-27,92,3.99,227,227,3,Strategy,"iOS, PC",,https://media.rawg.io/media/screenshots/d2c/d2c1101d697afb7a3c7b5b27c104a47d.jpg,rome-total-war-collection
13627,Undertale,2015-09-14,92,4.35,1885,1918,5,"RPG, Indie","Xbox Series S/X, Nintendo Switch, Xbox One, PC, macOS, Linux, PlayStation 4, PS Vita",Everyone 10+,https://media.rawg.io/media/games/ffe/ffed87105b14f5beff72ff44a7793fd5.jpg,undertale
11859,Team Fortress 2,2007-10-10,92,3.68,2935,2964,8,"Action, Shooter","Linux, macOS, PC",Mature,https://media.rawg.io/media/games/46d/46d98e6910fbc0706e2948a7cc9b10c5.jpg,team-fortress-2
10615,System Shock 2,1999-08-11,92,4.14,413,418,2,"Action, Shooter, RPG","PC, macOS, Linux",Mature,https://media.rawg.io/media/games/65f/65f661f1487395055ba05e0a95fc0330.jpg,system-shock-2
10050,Thief Gold,1999-10-29,92,4.02,263,264,1,"Action, Simulation",PC,Mature,https://media.rawg.io/media/games/934/934db575e66d63f2a6e86a2c688c141b.jpeg,thief-gold
5703,Uncharted 3: Drake's Deception,2011-11-01,92,4.37,1951,1968,12,Action,"PlayStation 4, PlayStation 3",Teen,https://media.rawg.io/media/games/589/589fc47c5ae34160d65c4682e21fed66.jpg,uncharted-3-drakes-deception
5645,Rock Band 3,2010-08-11,92,4.15,125,126,14,Arcade,"Wii, Xbox 360, Nintendo DS, PlayStation 3",Teen,https://media.rawg.io/media/games/ba5/ba540779f7e66fb166e692b9e0768824.jpg,rock-band-3
5161,Braid,2008-08-06,92,4.16,1000,1008,2,"Action, Arcade, Indie, Puzzle, Platformer","PlayStation 3, Xbox One, iOS, PC, macOS, Linux, Xbox 360",Everyone 10+,https://media.rawg.io/media/games/a5a/a5abaa1b5cc1567b026fa3aa9fbd828e.jpg,braid
4535,Call of Duty 4: Modern Warfare,2007-11-05,92,4.39,1842,1861,6,"Action, Shooter","PlayStation 4, PlayStation 3, Xbox 360, Wii, PC, Nintendo DS, Xbox One, macOS",Mature,https://media.rawg.io/media/games/9fb/9fbaea2168caea1f806546dfdaaeb1da.jpg,modern-warfare
3498,Grand Theft Auto V,2013-09-17,92,4.47,7352,7479,74,Action,"PlayStation 5, Xbox Series S/X, PlayStation 3, PC, PlayStation 4, Xbox 360, Xbox One",Mature,https://media.rawg.io/media/games/20a/20aa03a10cda45239fe22d035c0ebe64.jpg,grand-theft-auto-v
3387,Bloodborne,2015-03-24,92,4.41,2452,2489,12,"Action, RPG",PlayStation 4,Mature,https://media.rawg.io/media/games/214/214b29aeff13a0ae6a70fc4426e85991.jpg,bloodborne
3328,The Witcher 3: Wild Hunt,2015-05-18,92,4.64,7170,7289,43,"Action, RPG","PlayStation 5, Xbox Series S/X, macOS, PlayStation 4, Nintendo Switch, PC, Xbox One",Mature,https://media.rawg.io/media/games/618/618c2031a07bbff6b4f611f10b6bcdbc.jpg,the-witcher-3-wild-hunt
3254,Journey,2012-03-13,92,4.32,2461,2481,2,"Adventure, Family, Indie","PC, iOS, PlayStation 4, PlayStation 3",,https://media.rawg.io/media/games/baf/baf9905270314e07e6850cffdb51df41.jpg,journey
2351,Prune,2015-07-23,92,4.0,14,14,0,"Simulation, Casual, Family, Indie, Puzzle","PC, Android, iOS",,https://media.rawg.io/media/screenshots/a3a/a3aff5a4b9b3451b34ff7950d8c4d5f2.jpg,prune
1063,FINAL FANTASY VI,1994-04-02,92,4.37,399,405,4,RPG,"SNES, Android, PC, iOS, Game Boy Advance",,https://media.rawg.io/media/games/98c/98c87b286cd2a2ba942167df384a9bd3.jpg,final-fantasy-vi
517,Alto's Adventure,2015-02-19,92,4.12,97,98,0,"Action, Sports","PC, Xbox One, iOS, macOS, Linux, Android",,https://media.rawg.io/media/screenshots/4db/4dbe6762d5b7721e7ac412d6ab7661db.jpg,altos-adventure
455,Threes!,2014-02-05,92,4.29,37,38,0,"Casual, Card, Educational, Indie, Puzzle","macOS, PC, Xbox One, iOS, Android",,https://media.rawg.io/media/screenshots/050/0500fb770cac48c373d2969a1d2b96e7.jpeg,threes
484816,DRAGON QUEST XI S: Echoes of an Elusive Age - Definitive Edition,2019-09-27,91,4.26,42,47,4,"Adventure, RPG","Nintendo Switch, Xbox One, PC, PlayStation 4",Teen,https://media.rawg.io/media/screenshots/7af/7afce909f5f8510015209451984b683e.jpg,dragon-quest-xi-s-echoes-of-an-elusive-age-definit
297208,NieR:Automata Game of the YoRHa Edition,2019-02-26,91,4.25,151,153,0,Action,"PlayStation 4, Xbox Series S/X, Xbox One, Nintendo Switch, PC",Mature,https://media.rawg.io/media/games/219/2191c87e13c5fac11afa3e07dd991d7a.jpg,nier-automata-game-of-the-yorha-edition
290867,Klonoa 2: Lunatea's Veil,2001-07-24,91,4.44,16,18,0,"Action, Adventure, Platformer",PlayStation 2,Everyone,https://media.rawg.io/media/games/c3c/c3c62f284a55cee5a4bae6b2e5e5ed94.jpg,klonoa-2-lunateas-veil
262382,Disco Elysium,2019-10-14,91,4.37,1334,1354,6,"Adventure, RPG, Indie","PC, macOS, Xbox One, Nintendo Switch, PlayStation 4, Xbox Series S/X, PlayStation 5",Mature,https://media.rawg.io/media/games/840/8408ad3811289a6a5830cae60fb0b62a.jpg,disco-elysium
244693,Ninja Gaiden (2004),2004-03-02,91,4.36,11,11,0,Action,"Nintendo Switch, Xbox",Mature,https://media.rawg.io/media/games/c1b/c1bd8978518fe8c079aa49605b46535d.jpg,ninja-gaiden-2004
59248,Shadow of the Colossus,2005-10-18,91,4.34,558,560,0,"Action, Adventure, RPG",PlayStation 2,Teen,https://media.rawg.io/media/games/8ea/8ea1e2850d7568bc9733d546c0ac6ce1.jpg,shadow-of-the-colossus-2
58813,Resident Evil 2,2019-01-25,91,4.5,2265,2303,11,"Action, Adventure","Xbox One, Nintendo Switch, PlayStation 5, PlayStation 4, PC, macOS",Mature,https://media.rawg.io/media/games/053/053fc543bf488349610f1ae2d0c1b51b.jpg,resident-evil-2-2019
58084,DRAGON QUEST XI: Echoes of an Elusive Age,2017-07-29,91,4.31,375,378,15,RPG,"PC, PlayStation 4, Xbox One, Nintendo Switch, Nintendo 3DS",Teen,https://media.rawg.io/media/games/e04/e041cc430f6b6681477580d3bcddf29f.jpg,dragon-quest-xi
57799,Spyro: Year of the Dragon,2000-10-24,91,4.38,198,199,0,"Action, Adventure, Platformer",PlayStation,Everyone,https://media.rawg.io/media/games/4b8/4b823c94b723f1dc99b6f0d1cf00349d.jpg,spyro-year-of-the-dragon
57519,Super Mario World 2: Yoshi's Island,1995-08-05,91,4.34,242,244,0,Platformer,SNES,Everyone,https://media.rawg.io/media/games/98d/98d8fbc56c9a322a84ee38128e487bc8.jpg,yoshis-island
54439,Mario Tennis (2000),2000-07-21,91,4.01,72,72,0,Sports,Nintendo 64,Everyone,https://media.rawg.io/media/games/426/42694e52597024bb7f444dd966ce2878.jpg,mario-tennis-2000
53181,Castlevania: Circle of the Moon,2001-06-10,91,3.81,56,58,0,Action,"Wii U, Game Boy Advance",Teen,https://media.rawg.io/media/games/71e/71e614ea7d41d28239f88caf86cfd7e6.jpg,castlevania-circle-of-the-moon-2
53180,Castlevania: Aria of Sorrow,2003-05-06,91,4.38,164,166,0,"Action, Platformer","Game Boy Advance, Wii U",Teen,https://media.rawg.io/media/games/0fc/0fc9e7cce8ddb4225cfee49b1f928601.jpg,castlevania-aria-of-sorrow-2
52368,Shadow of the Colossus  (2018),2018-02-06,91,4.32,599,611,0,"Action, Adventure",PlayStation 4,Teen,https://media.rawg.io/media/games/5c5/5c5089af36b99bf9465357a8556449f9.jpg,shadow-of-the-colossus-2018
52334,Guitar Hero,2005-11-07,91,4.0,70,70,0,Simulation,PlayStation 2,,https://media.rawg.io/media/games/5db/5db9454278dbfcc658672575b31ed3c3.jpg,guitar-hero
51288,Cinco Paus,2017-12-25,91,0.0,0,0,0,"Adventure, Strategy, Puzzle","iOS, PC",Everyone 10+,https://media.rawg.io/media/screenshots/7f8/7f829865f51d2e64aec7ce63711c2e8b.jpg,cinco-paus
39035,Killzone 2,2009-02-25,91,3.98,198,201,7,"Action, Shooter",PlayStation 3,Mature,https://media.rawg.io/media/games/9d8/9d88739254a63a59352f3c27a9c5d694.jpg,killzone-2
38218,World of Warcraft: Wrath of the Lich King,2008-11-13,91,4.46,348,349,0,"RPG, Massively Multiplayer","PC, macOS",Teen,https://media.rawg.io/media/games/437/437de3c9cbcde991cd06c85e024902bb.jpg,world-of-warcraft-wrath-of-the-lich-king
36850,World of Warcraft: The Burning Crusade,2007-01-16,91,4.42,247,248,0,"RPG, Massively Multiplayer","PC, macOS",Teen,https://media.rawg.io/media/games/5da/5dac0ce6914ccd23b760de2729ba8eb2.jpg,world-of-warcraft-the-burning-crusade
34791,Battlefield 2,2005-06-21,91,4.2,215,215,2,"Action, Shooter",PC,Teen,https://media.rawg.io/media/games/ceb/ceb57403489d1684dbb1d5235bddd7cf.jpg,battlefield-2
34734,Tony Hawk's Pro Skater 4,2002-10-23,91,4.23,150,151,40,"Sports, Arcade","Game Boy Advance, PlayStation, Classic Macintosh, PC, PlayStation 2, Xbox, GameCube",,https://media.rawg.io/media/screenshots/c39/c391b587cffb4e013d7854e03a03647c.jpg,tony-hawks-pro-skater-4
32797,No One Lives Forever 2: A Spy in H.A.R.M.'s Way,2002-10-01,91,4.32,111,112,0,"Action, Shooter","PC, macOS",Mature,https://media.rawg.io/media/games/24a/24a7490f304e74d503bd461bc23b37a2.jpg,no-one-lives-forever-2-a-spy-in-harms-way
32575,Tony Hawk's Pro Skater 2,2000-09-19,91,4.35,349,351,0,"Sports, Arcade","iOS, Game Boy Advance, PlayStation, Game Boy Color, Classic Macintosh, PC, Nintendo 64, Dreamcast",Teen,https://media.rawg.io/media/screenshots/c21/c2123c3dea40946f705a54772ed6238b.jpg,tony-hawks-pro-skater-2
31495,Baldur's Gate,1998-12-21,91,4.37,174,175,76,"RPG, Strategy","iOS, PC, macOS",Teen,https://media.rawg.io/media/games/a91/a9108384b5d691080b294cd744f350c9.jpg,baldurs-gate
30373,Medal of Honor: Allied Assault,2002-01-22,91,4.15,206,209,0,Shooter,PC,Teen,https://media.rawg.io/media/games/8eb/8ebcb680e97bf8172a0b758f60e1e53d.jpg,medal-of-honor-allied-assault
29768,Myth: The Fallen Lords,1997-11-25,91,0.0,3,3,0,Strategy,PC,,https://media.rawg.io/media/screenshots/429/4298bf275abdb9382748ae7c1ee8cd55.jpg,myth-the-fallen-lords
28632,Gears of War 3,2011-09-20,91,4.2,600,602,16,Shooter,"Xbox 360, Xbox One",Mature,https://media.rawg.io/media/games/422/4228842dcfaef2a83bdb14c2a3ca2165.jpg,gears-of-war-3
28613,Halo: Reach,2010-09-14,91,4.29,780,789,11,Shooter,"Xbox 360, Xbox One, PC",Mature,https://media.rawg.io/media/games/045/0457f748c9492261ccb46147edf9c761.jpg,halo-reach
28589,Halo 3,2007-09-25,91,4.37,778,788,2,Shooter,"PC, Xbox 360, Xbox One",Mature,https://media.rawg.io/media/games/982/982ff61d574fed5e416cb1867b40d9b0.jpg,halo-3
28460,Forza Motorsport 4,2011-01-03,91,3.93,175,177,65,Racing,Xbox 360,Everyone,https://media.rawg.io/media/games/609/6093bea01151a43078264e33e91bbf83.jpg,forza-motorsport-4
28199,Ori and the Will of the Wisps,2020-03-10,91,4.42,1304,1331,11,"Action, Adventure, Platformer","Xbox One, PC, Nintendo Switch, Xbox Series S/X",Everyone,https://media.rawg.io/media/games/718/71891d2484a592d871e91dc826707e1c.jpg,ori-and-the-will-of-the-wisps
27977,The Legend of Zelda: A Link Between Worlds,2013-11-22,91,4.37,374,383,26,Adventure,Nintendo 3DS,Everyone,https://media.rawg.io/media/games/c23/c231ef56cdd277fad5fbcd2f6b7d2951.jpg,the-legend-of-zelda-a-link-between-worlds
24033,Golden Sun,2001-11-11,91,4.39,96,98,90,RPG,Game Boy Advance,Everyone 10+,https://media.rawg.io/media/games/00c/00c36514a5db26f48f47425ddf40767d.jpg,golden-sun
23958,Metroid Prime: Trilogy,2009-08-24,91,4.45,57,62,0,"Action, Adventure","Wii U, Wii",,https://media.rawg.io/media/screenshots/b86/b864ce981ace01517c6674723085a0bc.jpg,metroid-prime-trilogy
23943,Mario Kart DS,2005-11-14,91,4.27,256,259,5,Racing,"Wii U, Nintendo DS",Everyone,https://media.rawg.io/media/screenshots/bc0/bc02ade70c7d92900b1f4950f4c845ba.jpg,mario-kart-ds
22508,Overwatch,2016-05-24,91,4.13,1149,1171,35,"Action, Shooter, Casual, Massively Multiplayer","Nintendo Switch, PC, Xbox One, PlayStation 4",Teen,https://media.rawg.io/media/games/4ea/4ea507ceebeabb43edbc09468f5aaac6.jpg,overwatch
22121,Celeste,2018-01-25,91,4.37,1696,1744,6,"Indie, Platformer","Xbox One, PC, macOS, Nintendo Switch, PlayStation 4, Linux",Everyone 10+,https://media.rawg.io/media/games/594/59487800889ebac294c7c2c070d02356.jpg,celeste
21876,Planescape: Torment,1999-12-12,91,4.34,256,257,2,"RPG, Strategy",PC,Teen,https://media.rawg.io/media/games/1c7/1c761e6bb9f9d47e48cec4484c7186bb.jpg,planescape-torment
19705,Freespace 2,1999-09-30,91,3.17,74,75,1,"Action, Simulation",PC,Teen,https://media.rawg.io/media/games/27c/27c5528a52c8b66b15915409a4048ca2.jpg,freespace-2
19646,Tom Clancy's Splinter Cell,2002-11-17,91,4.17,489,495,2,"Action, Adventure","PC, PlayStation 3, Xbox 360, Xbox, Game Boy Advance, Classic Macintosh, GameCube, PlayStation 2, Xbox One",,https://media.rawg.io/media/games/104/104e82a52297cc7ddd3b05b7e68be04f.jpg,splinter-cell
19451,Fallout 3: Game of the Year Edition,2009-10-13,91,4.14,946,949,4,"Action, RPG","Xbox 360, PlayStation 3, PC",Mature,https://media.rawg.io/media/games/e53/e5372e767149bc88106e1da0ae7e9104.jpg,fallout-3-game-of-the-year-edition
19369,Call of Duty,2003-10-29,91,4.16,934,948,6,Shooter,"PlayStation 3, Xbox 360, macOS, PC",Teen,https://media.rawg.io/media/games/9c5/9c5bc0b6e67102bc96dcf1ba41509e42.jpg,call-of-duty
